Workbook

Sheet Toelichting
A1: EVA/LMS dummy-import: scholingen en inschrijvingen
A2: Testgegevens voor de LMS-koppeling (EVA) van Roosterplanning, zonder echt LMS. Versie 2026-10-09.
A4: Wat moet je doen?
A5: 1. Vul het tabblad Scholingen: één regel per scholing (ID, TITLE, LOCATION).
A6: 2. Vul het tabblad Inschrijvingen: één regel per medewerker per scholingsdag (PERSONEELSNUMMER, C_ID, BEGINTIJD, EINDTIJD).
A7: 3. Vul alleen de GELE cellen. Grijze kolommen zijn hulpkolommen; die worden niet ingelezen.
A8: 4. Kijk in de kolom Controle: groen = OK, oranje = waarschuwing, rood = moet worden aangepast.
A9: 5. De voorbeeldregels (personeelsnummers 100234 t/m 100238) zijn verzonnen. Vervang ze door personeelsnummers die op de testomgeving bestaan; onbekende nummers worden zonder melding overgeslagen.
A10: 6. Klaar? Sla het bestand op, open Publiceer.html in de gedeelde OneDrive-map 'EVA dummy API' en sleep het bestand erin (uitleg: knop Hulp in die pagina). Bij fouten wordt niets gepubliceerd en blijft de vorige versie online.
A12: Velden
A13: Tabblad | B13: Veld (kolomnaam) | C13: Verplicht | D13: Formaat | E13: Betekenis / gebruik in Roosterplanning | F13: Voorbeeld
A14: Scholingen | B14: ID | C14: Ja | D14: Geheel getal > 0, uniek | E14: Unieke sleutel van de scholing in het LMS. Inschrijvingen verwijzen hiernaar via C_ID. | F14: 50101
A15: Scholingen | B15: TITLE | C15: Ja | D15: Tekst, max. 255 tekens | E15: Naam van de scholing. Komt als opmerking bij de scholingsdienst in het rooster. | F15: BHV herhaling
A16: Scholingen | B16: LOCATION | C16: Ja | D16: Tekst, max. 255 tekens | E16: Locatie. Wordt getoond in het overzicht EVA-inschrijvingen. Mag niet leeg zijn. | F16: Skillslab, gebouw B
A17: Inschrijvingen | B17: PERSONEELSNUMMER | C17: Ja | D17: Tekst | E17: Personeelsnummer zonder dienstverbandvolgnummer (het deel vóór '/' of ';' in het PersonNr). Bepaalt de medewerker; bij meerdere dienstverbanden kiest Roosterplanning er zelf één. | F17: 100234
A18: Inschrijvingen | B18: C_ID | C18: Ja | D18: ID uit Scholingen | E18: Naar welke scholing de inschrijving verwijst. | F18: 50101
A19: Inschrijvingen | B19: BEGINTIJD | C19: Ja | D19: Datum + tijd (NL-tijd) | E19: Begin van de scholing. De datum bepaalt de roosterdag van de scholingsdienst. | F19: 2026-11-03 09:00
A20: Inschrijvingen | B20: EINDTIJD | C20: Ja | D20: Datum + tijd (NL-tijd) | E20: Einde van de scholing; na de begintijd en op dezelfde dag. | F20: 2026-11-03 16:30
A22: Goed om te weten (zo verwerkt Roosterplanning de gegevens)
A23: • Elke levering is de volledige stand: scholingen en inschrijvingen die er niet meer in staan, worden in Roosterplanning verwijderd (een al aangemaakte scholingsdienst blijft wel staan).
A24: • Meerdaagse scholing: maak één inschrijving per dag, met de tijden van die dag.
A25: • Twee scholingen op dezelfde dag voor dezelfde medewerker worden één dienst: vroegste begintijd tot laatste eindtijd, titels met ' + ' achter elkaar.
A26: • Een inschrijving wordt alleen een scholingsdienst als: de datum ná 'Automatisch verwerken vanaf' ligt (zonder die datum: in de toekomst en het rooster is nog niet gepubliceerd), de medewerker die dag een actief dienstverband met rooster heeft, er geen verlof staat, het rooster een dienst met de ingestelde scholingsdienstcode heeft en de salarisperiode nog niet is geaccordeerd.
A27: • Gebruik daarom voor de test datums in de toekomst en medewerkers die op die datums in een (ongepubliceerd) rooster staan.
A29: Zo ziet de technische levering eruit (JSON; zo zou een LMS het aanbieden)
A30: Endpoint scholingen:
A31: [ { "ID": 50101, "TITLE": "BHV herhaling", "LOCATION": "Trainingscentrum, lokaal 0.12" }, ... ]
A33: Endpoint inschrijvingen:
A34: [ { "PERSONEELSNUMMER": "100234", "C_ID": 50101, "BEGINTIJD": "2026-11-03 09:00:00", "EINDTIJD": "2026-11-03 16:30:00" }, ... ]

Sheet Scholingen
A1: ID | B1: TITLE | C1: LOCATION | D1: Controle
A2: 50101 | B2: BHV herhaling | C2: Trainingscentrum, lokaal 0.12 | D2: =IF(AND(A2="",B2="",C2=""),"",IF(OR(A2="",B2=""),"Fout: ID en TITLE zijn verplicht",IF(NOT(ISNUMBER(A2)),"Fout: ID moet een getal zijn",IF(OR(A2<1,A2<>INT(A2)),"Fout: ID moet een positief geheel getal zijn",IF(COUNTIF($A$2:$A$200,A2)>1,"Fout: ID komt dubbel voor",IF(C2="","Fout: LOCATION is leeg (gebruik bijv. Online)",IF(OR(LEN(B2)>255,LEN(C2)>255),"Fout: maximaal 255 tekens",IF(COUNTIF(Inschrijvingen!$B$2:$B$200,A2)=0,"Let op: nog geen inschrijvingen","OK")))))))) -> OK
A3: 50102 | B3: Reanimatie (BLS/AED) herhaling | C3: Skillslab, gebouw B | D3: =IF(AND(A3="",B3="",C3=""),"",IF(OR(A3="",B3=""),"Fout: ID en TITLE zijn verplicht",IF(NOT(ISNUMBER(A3)),"Fout: ID moet een getal zijn",IF(OR(A3<1,A3<>INT(A3)),"Fout: ID moet een positief geheel getal zijn",IF(COUNTIF($A$2:$A$200,A3)>1,"Fout: ID komt dubbel voor",IF(C3="","Fout: LOCATION is leeg (gebruik bijv. Online)",IF(OR(LEN(B3)>255,LEN(C3)>255),"Fout: maximaal 255 tekens",IF(COUNTIF(Inschrijvingen!$B$2:$B$200,A3)=0,"Let op: nog geen inschrijvingen","OK")))))))) -> OK
A4: 50103 | B4: Voorbehouden handelingen: injecteren | C4: Skillslab, gebouw B | D4: =IF(AND(A4="",B4="",C4=""),"",IF(OR(A4="",B4=""),"Fout: ID en TITLE zijn verplicht",IF(NOT(ISNUMBER(A4)),"Fout: ID moet een getal zijn",IF(OR(A4<1,A4<>INT(A4)),"Fout: ID moet een positief geheel getal zijn",IF(COUNTIF($A$2:$A$200,A4)>1,"Fout: ID komt dubbel voor",IF(C4="","Fout: LOCATION is leeg (gebruik bijv. Online)",IF(OR(LEN(B4)>255,LEN(C4)>255),"Fout: maximaal 255 tekens",IF(COUNTIF(Inschrijvingen!$B$2:$B$200,A4)=0,"Let op: nog geen inschrijvingen","OK")))))))) -> OK
A5: 50104 | B5: Medicatieveiligheid | C5: Online (Teams) | D5: =IF(AND(A5="",B5="",C5=""),"",IF(OR(A5="",B5=""),"Fout: ID en TITLE zijn verplicht",IF(NOT(ISNUMBER(A5)),"Fout: ID moet een getal zijn",IF(OR(A5<1,A5<>INT(A5)),"Fout: ID moet een positief geheel getal zijn",IF(COUNTIF($A$2:$A$200,A5)>1,"Fout: ID komt dubbel voor",IF(C5="","Fout: LOCATION is leeg (gebruik bijv. Online)",IF(OR(LEN(B5)>255,LEN(C5)>255),"Fout: maximaal 255 tekens",IF(COUNTIF(Inschrijvingen!$B$2:$B$200,A5)=0,"Let op: nog geen inschrijvingen","OK")))))))) -> OK
A6: 50105 | B6: Omgaan met agressie | C6: Leslokaal 2.14, hoofdgebouw | D6: =IF(AND(A6="",B6="",C6=""),"",IF(OR(A6="",B6=""),"Fout: ID en TITLE zijn verplicht",IF(NOT(ISNUMBER(A6)),"Fout: ID moet een getal zijn",IF(OR(A6<1,A6<>INT(A6)),"Fout: ID moet een positief geheel getal zijn",IF(COUNTIF($A$2:$A$200,A6)>1,"Fout: ID komt dubbel voor",IF(C6="","Fout: LOCATION is leeg (gebruik bijv. Online)",IF(OR(LEN(B6)>255,LEN(C6)>255),"Fout: maximaal 255 tekens",IF(COUNTIF(Inschrijvingen!$B$2:$B$200,A6)=0,"Let op: nog geen inschrijvingen","OK")))))))) -> OK
D7: =IF(AND(A7="",B7="",C7=""),"",IF(OR(A7="",B7=""),"Fout: ID en TITLE zijn verplicht",IF(NOT(ISNUMBER(A7)),"Fout: ID moet een getal zijn",IF(OR(A7<1,A7<>INT(A7)),"Fout: ID moet een positief geheel getal zijn",IF(COUNTIF($A$2:$A$200,A7)>1,"Fout: ID komt dubbel voor",IF(C7="","Fout: LOCATION is leeg (gebruik bijv. Online)",IF(OR(LEN(B7)>255,LEN(C7)>255),"Fout: maximaal 255 tekens",IF(COUNTIF(Inschrijvingen!$B$2:$B$200,A7)=0,"Let op: nog geen inschrijvingen","OK"))))))))
D8: =IF(AND(A8="",B8="",C8=""),"",IF(OR(A8="",B8=""),"Fout: ID en TITLE zijn verplicht",IF(NOT(ISNUMBER(A8)),"Fout: ID moet een getal zijn",IF(OR(A8<1,A8<>INT(A8)),"Fout: ID moet een positief geheel getal zijn",IF(COUNTIF($A$2:$A$200,A8)>1,"Fout: ID komt dubbel voor",IF(C8="","Fout: LOCATION is leeg (gebruik bijv. Online)",IF(OR(LEN(B8)>255,LEN(C8)>255),"Fout: maximaal 255 tekens",IF(COUNTIF(Inschrijvingen!$B$2:$B$200,A8)=0,"Let op: nog geen inschrijvingen","OK"))))))))
D9: =IF(AND(A9="",B9="",C9=""),"",IF(OR(A9="",B9=""),"Fout: ID en TITLE zijn verplicht",IF(NOT(ISNUMBER(A9)),"Fout: ID moet een getal zijn",IF(OR(A9<1,A9<>INT(A9)),"Fout: ID moet een positief geheel getal zijn",IF(COUNTIF($A$2:$A$200,A9)>1,"Fout: ID komt dubbel voor",IF(C9="","Fout: LOCATION is leeg (gebruik bijv. Online)",IF(OR(LEN(B9)>255,LEN(C9)>255),"Fout: maximaal 255 tekens",IF(COUNTIF(Inschrijvingen!$B$2:$B$200,A9)=0,"Let op: nog geen inschrijvingen","OK"))))))))
D10: =IF(AND(A10="",B10="",C10=""),"",IF(OR(A10="",B10=""),"Fout: ID en TITLE zijn verplicht",IF(NOT(ISNUMBER(A10)),"Fout: ID moet een getal zijn",IF(OR(A10<1,A10<>INT(A10)),"Fout: ID moet een positief geheel getal zijn",IF(COUNTIF($A$2:$A$200,A10)>1,"Fout: ID komt dubbel voor",IF(C10="","Fout: LOCATION is leeg (gebruik bijv. Online)",IF(OR(LEN(B10)>255,LEN(C10)>255),"Fout: maximaal 255 tekens",IF(COUNTIF(Inschrijvingen!$B$2:$B$200,A10)=0,"Let op: nog geen inschrijvingen","OK"))))))))
D11: =IF(AND(A11="",B11="",C11=""),"",IF(OR(A11="",B11=""),"Fout: ID en TITLE zijn verplicht",IF(NOT(ISNUMBER(A11)),"Fout: ID moet een getal zijn",IF(OR(A11<1,A11<>INT(A11)),"Fout: ID moet een positief geheel getal zijn",IF(COUNTIF($A$2:$A$200,A11)>1,"Fout: ID komt dubbel voor",IF(C11="","Fout: LOCATION is leeg (gebruik bijv. Online)",IF(OR(LEN(B11)>255,LEN(C11)>255),"Fout: maximaal 255 tekens",IF(COUNTIF(Inschrijvingen!$B$2:$B$200,A11)=0,"Let op: nog geen inschrijvingen","OK"))))))))
D12: =IF(AND(A12="",B12="",C12=""),"",IF(OR(A12="",B12=""),"Fout: ID en TITLE zijn verplicht",IF(NOT(ISNUMBER(A12)),"Fout: ID moet een getal zijn",IF(OR(A12<1,A12<>INT(A12)),"Fout: ID moet een positief geheel getal zijn",IF(COUNTIF($A$2:$A$200,A12)>1,"Fout: ID komt dubbel voor",IF(C12="","Fout: LOCATION is leeg (gebruik bijv. Online)",IF(OR(LEN(B12)>255,LEN(C12)>255),"Fout: maximaal 255 tekens",IF(COUNTIF(Inschrijvingen!$B$2:$B$200,A12)=0,"Let op: nog geen inschrijvingen","OK"))))))))
D13: =IF(AND(A13="",B13="",C13=""),"",IF(OR(A13="",B13=""),"Fout: ID en TITLE zijn verplicht",IF(NOT(ISNUMBER(A13)),"Fout: ID moet een getal zijn",IF(OR(A13<1,A13<>INT(A13)),"Fout: ID moet een positief geheel getal zijn",IF(COUNTIF($A$2:$A$200,A13)>1,"Fout: ID komt dubbel voor",IF(C13="","Fout: LOCATION is leeg (gebruik bijv. Online)",IF(OR(LEN(B13)>255,LEN(C13)>255),"Fout: maximaal 255 tekens",IF(COUNTIF(Inschrijvingen!$B$2:$B$200,A13)=0,"Let op: nog geen inschrijvingen","OK"))))))))
D14: =IF(AND(A14="",B14="",C14=""),"",IF(OR(A14="",B14=""),"Fout: ID en TITLE zijn verplicht",IF(NOT(ISNUMBER(A14)),"Fout: ID moet een getal zijn",IF(OR(A14<1,A14<>INT(A14)),"Fout: ID moet een positief geheel getal zijn",IF(COUNTIF($A$2:$A$200,A14)>1,"Fout: ID komt dubbel voor",IF(C14="","Fout: LOCATION is leeg (gebruik bijv. Online)",IF(OR(LEN(B14)>255,LEN(C14)>255),"Fout: maximaal 255 tekens",IF(COUNTIF(Inschrijvingen!$B$2:$B$200,A14)=0,"Let op: nog geen inschrijvingen","OK"))))))))
D15: =IF(AND(A15="",B15="",C15=""),"",IF(OR(A15="",B15=""),"Fout: ID en TITLE zijn verplicht",IF(NOT(ISNUMBER(A15)),"Fout: ID moet een getal zijn",IF(OR(A15<1,A15<>INT(A15)),"Fout: ID moet een positief geheel getal zijn",IF(COUNTIF($A$2:$A$200,A15)>1,"Fout: ID komt dubbel voor",IF(C15="","Fout: LOCATION is leeg (gebruik bijv. Online)",IF(OR(LEN(B15)>255,LEN(C15)>255),"Fout: maximaal 255 tekens",IF(COUNTIF(Inschrijvingen!$B$2:$B$200,A15)=0,"Let op: nog geen inschrijvingen","OK"))))))))
D16: =IF(AND(A16="",B16="",C16=""),"",IF(OR(A16="",B16=""),"Fout: ID en TITLE zijn verplicht",IF(NOT(ISNUMBER(A16)),"Fout: ID moet een getal zijn",IF(OR(A16<1,A16<>INT(A16)),"Fout: ID moet een positief geheel getal zijn",IF(COUNTIF($A$2:$A$200,A16)>1,"Fout: ID komt dubbel voor",IF(C16="","Fout: LOCATION is leeg (gebruik bijv. Online)",IF(OR(LEN(B16)>255,LEN(C16)>255),"Fout: maximaal 255 tekens",IF(COUNTIF(Inschrijvingen!$B$2:$B$200,A16)=0,"Let op: nog geen inschrijvingen","OK"))))))))
D17: =IF(AND(A17="",B17="",C17=""),"",IF(OR(A17="",B17=""),"Fout: ID en TITLE zijn verplicht",IF(NOT(ISNUMBER(A17)),"Fout: ID moet een getal zijn",IF(OR(A17<1,A17<>INT(A17)),"Fout: ID moet een positief geheel getal zijn",IF(COUNTIF($A$2:$A$200,A17)>1,"Fout: ID komt dubbel voor",IF(C17="","Fout: LOCATION is leeg (gebruik bijv. Online)",IF(OR(LEN(B17)>255,LEN(C17)>255),"Fout: maximaal 255 tekens",IF(COUNTIF(Inschrijvingen!$B$2:$B$200,A17)=0,"Let op: nog geen inschrijvingen","OK"))))))))
D18: =IF(AND(A18="",B18="",C18=""),"",IF(OR(A18="",B18=""),"Fout: ID en TITLE zijn verplicht",IF(NOT(ISNUMBER(A18)),"Fout: ID moet een getal zijn",IF(OR(A18<1,A18<>INT(A18)),"Fout: ID moet een positief geheel getal zijn",IF(COUNTIF($A$2:$A$200,A18)>1,"Fout: ID komt dubbel voor",IF(C18="","Fout: LOCATION is leeg (gebruik bijv. Online)",IF(OR(LEN(B18)>255,LEN(C18)>255),"Fout: maximaal 255 tekens",IF(COUNTIF(Inschrijvingen!$B$2:$B$200,A18)=0,"Let op: nog geen inschrijvingen","OK"))))))))
... D200: =IF(AND(A200="",B200="",C200=""),"",IF(OR(A200="",B200=""),"Fout: ID en TITLE zijn verplicht",IF(NOT(ISNUMBER(A200)),"Fout: ID moet een getal zijn",IF(OR(A200<1,A200<>INT(A200)),"Fout: ID moet een positief geheel getal zijn",IF(COUNTIF($A$2:$A$200,A200)>1,"Fout: ID komt dubbel voor",IF(C200="","Fout: LOCATION is leeg (gebruik bijv. Online)",IF(OR(LEN(B200)>255,LEN(C200)>255),"Fout: maximaal 255 tekens",IF(COUNTIF(Inschrijvingen!$B$2:$B$200,A200)=0,"Let op: nog geen inschrijvingen","OK"))))))))

Sheet Inschrijvingen
A1: PERSONEELSNUMMER | B1: C_ID | C1: BEGINTIJD | D1: EINDTIJD | E1: Medewerker (ter info) | F1: Scholing (opgezocht) | G1: Duur (uren) | H1: Controle
A2: 092 | B2: 50101 | C2: 46329.375 | D2: 46329.688 | E2: Medewerker 02 Boa 1 | F2: =IF(B2="","",IFERROR(INDEX(Scholingen!$B$2:$B$200,MATCH(B2,Scholingen!$A$2:$A$200,0)),"?")) -> BHV herhaling | G2: =IF(AND(ISNUMBER(C2),ISNUMBER(D2)),(D2-C2)*24,"") -> 7.5 | H2: =IF(AND(A2="",B2="",C2="",D2=""),"",IF(OR(A2="",B2="",C2="",D2=""),"Fout: niet alle verplichte velden gevuld",IF(ISNA(MATCH(B2,Scholingen!$A$2:$A$200,0)),"Fout: C_ID bestaat niet in Scholingen",IF(OR(NOT(ISNUMBER(C2)),NOT(ISNUMBER(D2))),"Fout: begin-/eindtijd is geen datum+tijd",IF(D2<=C2,"Fout: eindtijd ligt niet na begintijd",IF(INT(D2)<>INT(C2),"Fout: eindigt op een andere dag (één regel per dag)",IF(COUNTIFS($A$2:$A$200,A2,$B$2:$B$200,B2,$C$2:$C$200,C2)>1,"Fout: dubbele inschrijving",IF(C2<TODAY(),"Let op: ligt in het verleden, wordt geen dienst","OK")))))))) -> OK
A3: 091 | B3: 50101 | C3: 46329.375 | D3: 46329.688 | E3: Medewerker 01 Boa 1 | F3: =IF(B3="","",IFERROR(INDEX(Scholingen!$B$2:$B$200,MATCH(B3,Scholingen!$A$2:$A$200,0)),"?")) -> BHV herhaling | G3: =IF(AND(ISNUMBER(C3),ISNUMBER(D3)),(D3-C3)*24,"") -> 7.5 | H3: =IF(AND(A3="",B3="",C3="",D3=""),"",IF(OR(A3="",B3="",C3="",D3=""),"Fout: niet alle verplichte velden gevuld",IF(ISNA(MATCH(B3,Scholingen!$A$2:$A$200,0)),"Fout: C_ID bestaat niet in Scholingen",IF(OR(NOT(ISNUMBER(C3)),NOT(ISNUMBER(D3))),"Fout: begin-/eindtijd is geen datum+tijd",IF(D3<=C3,"Fout: eindtijd ligt niet na begintijd",IF(INT(D3)<>INT(C3),"Fout: eindigt op een andere dag (één regel per dag)",IF(COUNTIFS($A$2:$A$200,A3,$B$2:$B$200,B3,$C$2:$C$200,C3)>1,"Fout: dubbele inschrijving",IF(C3<TODAY(),"Let op: ligt in het verleden, wordt geen dienst","OK")))))))) -> OK
A4: 106 | B4: 50102 | C4: 46336.542 | D4: 46336.667 | E4: Medewerker 01 Boa 2 | F4: =IF(B4="","",IFERROR(INDEX(Scholingen!$B$2:$B$200,MATCH(B4,Scholingen!$A$2:$A$200,0)),"?")) -> Reanimatie (BLS/AED) herhaling | G4: =IF(AND(ISNUMBER(C4),ISNUMBER(D4)),(D4-C4)*24,"") -> 3 | H4: =IF(AND(A4="",B4="",C4="",D4=""),"",IF(OR(A4="",B4="",C4="",D4=""),"Fout: niet alle verplichte velden gevuld",IF(ISNA(MATCH(B4,Scholingen!$A$2:$A$200,0)),"Fout: C_ID bestaat niet in Scholingen",IF(OR(NOT(ISNUMBER(C4)),NOT(ISNUMBER(D4))),"Fout: begin-/eindtijd is geen datum+tijd",IF(D4<=C4,"Fout: eindtijd ligt niet na begintijd",IF(INT(D4)<>INT(C4),"Fout: eindigt op een andere dag (één regel per dag)",IF(COUNTIFS($A$2:$A$200,A4,$B$2:$B$200,B4,$C$2:$C$200,C4)>1,"Fout: dubbele inschrijving",IF(C4<TODAY(),"Let op: ligt in het verleden, wordt geen dienst","OK")))))))) -> OK
A5: 092 | B5: 50104 | C5: 46343.792 | D5: 46343.875 | E5: Medewerker 02 Boa 1 | F5: =IF(B5="","",IFERROR(INDEX(Scholingen!$B$2:$B$200,MATCH(B5,Scholingen!$A$2:$A$200,0)),"?")) -> Medicatieveiligheid | G5: =IF(AND(ISNUMBER(C5),ISNUMBER(D5)),(D5-C5)*24,"") -> 2 | H5: =IF(AND(A5="",B5="",C5="",D5=""),"",IF(OR(A5="",B5="",C5="",D5=""),"Fout: niet alle verplichte velden gevuld",IF(ISNA(MATCH(B5,Scholingen!$A$2:$A$200,0)),"Fout: C_ID bestaat niet in Scholingen",IF(OR(NOT(ISNUMBER(C5)),NOT(ISNUMBER(D5))),"Fout: begin-/eindtijd is geen datum+tijd",IF(D5<=C5,"Fout: eindtijd ligt niet na begintijd",IF(INT(D5)<>INT(C5),"Fout: eindigt op een andere dag (één regel per dag)",IF(COUNTIFS($A$2:$A$200,A5,$B$2:$B$200,B5,$C$2:$C$200,C5)>1,"Fout: dubbele inschrijving",IF(C5<TODAY(),"Let op: ligt in het verleden, wordt geen dienst","OK")))))))) -> OK
A6: 093 | B6: 50103 | C6: 46350.354 | D6: 46350.521 | E6: Medewerker 03 Boa 1 | F6: =IF(B6="","",IFERROR(INDEX(Scholingen!$B$2:$B$200,MATCH(B6,Scholingen!$A$2:$A$200,0)),"?")) -> Voorbehouden handelingen: injecteren | G6: =IF(AND(ISNUMBER(C6),ISNUMBER(D6)),(D6-C6)*24,"") -> 4 | H6: =IF(AND(A6="",B6="",C6="",D6=""),"",IF(OR(A6="",B6="",C6="",D6=""),"Fout: niet alle verplichte velden gevuld",IF(ISNA(MATCH(B6,Scholingen!$A$2:$A$200,0)),"Fout: C_ID bestaat niet in Scholingen",IF(OR(NOT(ISNUMBER(C6)),NOT(ISNUMBER(D6))),"Fout: begin-/eindtijd is geen datum+tijd",IF(D6<=C6,"Fout: eindtijd ligt niet na begintijd",IF(INT(D6)<>INT(C6),"Fout: eindigt op een andere dag (één regel per dag)",IF(COUNTIFS($A$2:$A$200,A6,$B$2:$B$200,B6,$C$2:$C$200,C6)>1,"Fout: dubbele inschrijving",IF(C6<TODAY(),"Let op: ligt in het verleden, wordt geen dienst","OK")))))))) -> OK
A7: 092 | B7: 50105 | C7: 46357.375 | D7: 46357.708 | E7: Medewerker 02 Boa 1 | F7: =IF(B7="","",IFERROR(INDEX(Scholingen!$B$2:$B$200,MATCH(B7,Scholingen!$A$2:$A$200,0)),"?")) -> Omgaan met agressie | G7: =IF(AND(ISNUMBER(C7),ISNUMBER(D7)),(D7-C7)*24,"") -> 8 | H7: =IF(AND(A7="",B7="",C7="",D7=""),"",IF(OR(A7="",B7="",C7="",D7=""),"Fout: niet alle verplichte velden gevuld",IF(ISNA(MATCH(B7,Scholingen!$A$2:$A$200,0)),"Fout: C_ID bestaat niet in Scholingen",IF(OR(NOT(ISNUMBER(C7)),NOT(ISNUMBER(D7))),"Fout: begin-/eindtijd is geen datum+tijd",IF(D7<=C7,"Fout: eindtijd ligt niet na begintijd",IF(INT(D7)<>INT(C7),"Fout: eindigt op een andere dag (één regel per dag)",IF(COUNTIFS($A$2:$A$200,A7,$B$2:$B$200,B7,$C$2:$C$200,C7)>1,"Fout: dubbele inschrijving",IF(C7<TODAY(),"Let op: ligt in het verleden, wordt geen dienst","OK")))))))) -> OK
A8: 091 | B8: 50105 | C8: 46358.375 | D8: 46358.542 | E8: Medewerker 01 Boa 1 | F8: =IF(B8="","",IFERROR(INDEX(Scholingen!$B$2:$B$200,MATCH(B8,Scholingen!$A$2:$A$200,0)),"?")) -> Omgaan met agressie | G8: =IF(AND(ISNUMBER(C8),ISNUMBER(D8)),(D8-C8)*24,"") -> 4 | H8: =IF(AND(A8="",B8="",C8="",D8=""),"",IF(OR(A8="",B8="",C8="",D8=""),"Fout: niet alle verplichte velden gevuld",IF(ISNA(MATCH(B8,Scholingen!$A$2:$A$200,0)),"Fout: C_ID bestaat niet in Scholingen",IF(OR(NOT(ISNUMBER(C8)),NOT(ISNUMBER(D8))),"Fout: begin-/eindtijd is geen datum+tijd",IF(D8<=C8,"Fout: eindtijd ligt niet na begintijd",IF(INT(D8)<>INT(C8),"Fout: eindigt op een andere dag (één regel per dag)",IF(COUNTIFS($A$2:$A$200,A8,$B$2:$B$200,B8,$C$2:$C$200,C8)>1,"Fout: dubbele inschrijving",IF(C8<TODAY(),"Let op: ligt in het verleden, wordt geen dienst","OK")))))))) -> OK
A9: 093 | B9: 50102 | C9: 46364.542 | D9: 46364.667 | E9: Medewerker 03 Boa 1 | F9: =IF(B9="","",IFERROR(INDEX(Scholingen!$B$2:$B$200,MATCH(B9,Scholingen!$A$2:$A$200,0)),"?")) -> Reanimatie (BLS/AED) herhaling | G9: =IF(AND(ISNUMBER(C9),ISNUMBER(D9)),(D9-C9)*24,"") -> 3 | H9: =IF(AND(A9="",B9="",C9="",D9=""),"",IF(OR(A9="",B9="",C9="",D9=""),"Fout: niet alle verplichte velden gevuld",IF(ISNA(MATCH(B9,Scholingen!$A$2:$A$200,0)),"Fout: C_ID bestaat niet in Scholingen",IF(OR(NOT(ISNUMBER(C9)),NOT(ISNUMBER(D9))),"Fout: begin-/eindtijd is geen datum+tijd",IF(D9<=C9,"Fout: eindtijd ligt niet na begintijd",IF(INT(D9)<>INT(C9),"Fout: eindigt op een andere dag (één regel per dag)",IF(COUNTIFS($A$2:$A$200,A9,$B$2:$B$200,B9,$C$2:$C$200,C9)>1,"Fout: dubbele inschrijving",IF(C9<TODAY(),"Let op: ligt in het verleden, wordt geen dienst","OK")))))))) -> OK
A10: 107 | B10: 50102 | C10: 46336.542 | D10: 46336.667 | E10: Medewerker 02 Boa 2 | F10: =IF(B10="","",IFERROR(INDEX(Scholingen!$B$2:$B$200,MATCH(B10,Scholingen!$A$2:$A$200,0)),"?")) -> Reanimatie (BLS/AED) herhaling | G10: =IF(AND(ISNUMBER(C10),ISNUMBER(D10)),(D10-C10)*24,"") -> 3 | H10: =IF(AND(A10="",B10="",C10="",D10=""),"",IF(OR(A10="",B10="",C10="",D10=""),"Fout: niet alle verplichte velden gevuld",IF(ISNA(MATCH(B10,Scholingen!$A$2:$A$200,0)),"Fout: C_ID bestaat niet in Scholingen",IF(OR(NOT(ISNUMBER(C10)),NOT(ISNUMBER(D10))),"Fout: begin-/eindtijd is geen datum+tijd",IF(D10<=C10,"Fout: eindtijd ligt niet na begintijd",IF(INT(D10)<>INT(C10),"Fout: eindigt op een andere dag (één regel per dag)",IF(COUNTIFS($A$2:$A$200,A10,$B$2:$B$200,B10,$C$2:$C$200,C10)>1,"Fout: dubbele inschrijving",IF(C10<TODAY(),"Let op: ligt in het verleden, wordt geen dienst","OK")))))))) -> OK
A11: 108 | B11: 50102 | C11: 46336.542 | D11: 46336.667 | E11: Medewerker 03 Boa 2 | F11: =IF(B11="","",IFERROR(INDEX(Scholingen!$B$2:$B$200,MATCH(B11,Scholingen!$A$2:$A$200,0)),"?")) -> Reanimatie (BLS/AED) herhaling | G11: =IF(AND(ISNUMBER(C11),ISNUMBER(D11)),(D11-C11)*24,"") -> 3 | H11: =IF(AND(A11="",B11="",C11="",D11=""),"",IF(OR(A11="",B11="",C11="",D11=""),"Fout: niet alle verplichte velden gevuld",IF(ISNA(MATCH(B11,Scholingen!$A$2:$A$200,0)),"Fout: C_ID bestaat niet in Scholingen",IF(OR(NOT(ISNUMBER(C11)),NOT(ISNUMBER(D11))),"Fout: begin-/eindtijd is geen datum+tijd",IF(D11<=C11,"Fout: eindtijd ligt niet na begintijd",IF(INT(D11)<>INT(C11),"Fout: eindigt op een andere dag (één regel per dag)",IF(COUNTIFS($A$2:$A$200,A11,$B$2:$B$200,B11,$C$2:$C$200,C11)>1,"Fout: dubbele inschrijving",IF(C11<TODAY(),"Let op: ligt in het verleden, wordt geen dienst","OK")))))))) -> OK
A12: 095 | B12: 50102 | C12: 46336.542 | D12: 46336.667 | E12: Medewerker 05 Boa 1 | F12: =IF(B12="","",IFERROR(INDEX(Scholingen!$B$2:$B$200,MATCH(B12,Scholingen!$A$2:$A$200,0)),"?")) -> Reanimatie (BLS/AED) herhaling | G12: =IF(AND(ISNUMBER(C12),ISNUMBER(D12)),(D12-C12)*24,"") -> 3 | H12: =IF(AND(A12="",B12="",C12="",D12=""),"",IF(OR(A12="",B12="",C12="",D12=""),"Fout: niet alle verplichte velden gevuld",IF(ISNA(MATCH(B12,Scholingen!$A$2:$A$200,0)),"Fout: C_ID bestaat niet in Scholingen",IF(OR(NOT(ISNUMBER(C12)),NOT(ISNUMBER(D12))),"Fout: begin-/eindtijd is geen datum+tijd",IF(D12<=C12,"Fout: eindtijd ligt niet na begintijd",IF(INT(D12)<>INT(C12),"Fout: eindigt op een andere dag (één regel per dag)",IF(COUNTIFS($A$2:$A$200,A12,$B$2:$B$200,B12,$C$2:$C$200,C12)>1,"Fout: dubbele inschrijving",IF(C12<TODAY(),"Let op: ligt in het verleden, wordt geen dienst","OK")))))))) -> OK
F13: =IF(B13="","",IFERROR(INDEX(Scholingen!$B$2:$B$200,MATCH(B13,Scholingen!$A$2:$A$200,0)),"?")) | G13: =IF(AND(ISNUMBER(C13),ISNUMBER(D13)),(D13-C13)*24,"") | H13: =IF(AND(A13="",B13="",C13="",D13=""),"",IF(OR(A13="",B13="",C13="",D13=""),"Fout: niet alle verplichte velden gevuld",IF(ISNA(MATCH(B13,Scholingen!$A$2:$A$200,0)),"Fout: C_ID bestaat niet in Scholingen",IF(OR(NOT(ISNUMBER(C13)),NOT(ISNUMBER(D13))),"Fout: begin-/eindtijd is geen datum+tijd",IF(D13<=C13,"Fout: eindtijd ligt niet na begintijd",IF(INT(D13)<>INT(C13),"Fout: eindigt op een andere dag (één regel per dag)",IF(COUNTIFS($A$2:$A$200,A13,$B$2:$B$200,B13,$C$2:$C$200,C13)>1,"Fout: dubbele inschrijving",IF(C13<TODAY(),"Let op: ligt in het verleden, wordt geen dienst","OK"))))))))
F14: =IF(B14="","",IFERROR(INDEX(Scholingen!$B$2:$B$200,MATCH(B14,Scholingen!$A$2:$A$200,0)),"?")) | G14: =IF(AND(ISNUMBER(C14),ISNUMBER(D14)),(D14-C14)*24,"") | H14: =IF(AND(A14="",B14="",C14="",D14=""),"",IF(OR(A14="",B14="",C14="",D14=""),"Fout: niet alle verplichte velden gevuld",IF(ISNA(MATCH(B14,Scholingen!$A$2:$A$200,0)),"Fout: C_ID bestaat niet in Scholingen",IF(OR(NOT(ISNUMBER(C14)),NOT(ISNUMBER(D14))),"Fout: begin-/eindtijd is geen datum+tijd",IF(D14<=C14,"Fout: eindtijd ligt niet na begintijd",IF(INT(D14)<>INT(C14),"Fout: eindigt op een andere dag (één regel per dag)",IF(COUNTIFS($A$2:$A$200,A14,$B$2:$B$200,B14,$C$2:$C$200,C14)>1,"Fout: dubbele inschrijving",IF(C14<TODAY(),"Let op: ligt in het verleden, wordt geen dienst","OK"))))))))
F15: =IF(B15="","",IFERROR(INDEX(Scholingen!$B$2:$B$200,MATCH(B15,Scholingen!$A$2:$A$200,0)),"?")) | G15: =IF(AND(ISNUMBER(C15),ISNUMBER(D15)),(D15-C15)*24,"") | H15: =IF(AND(A15="",B15="",C15="",D15=""),"",IF(OR(A15="",B15="",C15="",D15=""),"Fout: niet alle verplichte velden gevuld",IF(ISNA(MATCH(B15,Scholingen!$A$2:$A$200,0)),"Fout: C_ID bestaat niet in Scholingen",IF(OR(NOT(ISNUMBER(C15)),NOT(ISNUMBER(D15))),"Fout: begin-/eindtijd is geen datum+tijd",IF(D15<=C15,"Fout: eindtijd ligt niet na begintijd",IF(INT(D15)<>INT(C15),"Fout: eindigt op een andere dag (één regel per dag)",IF(COUNTIFS($A$2:$A$200,A15,$B$2:$B$200,B15,$C$2:$C$200,C15)>1,"Fout: dubbele inschrijving",IF(C15<TODAY(),"Let op: ligt in het verleden, wordt geen dienst","OK"))))))))
F16: =IF(B16="","",IFERROR(INDEX(Scholingen!$B$2:$B$200,MATCH(B16,Scholingen!$A$2:$A$200,0)),"?")) | G16: =IF(AND(ISNUMBER(C16),ISNUMBER(D16)),(D16-C16)*24,"") | H16: =IF(AND(A16="",B16="",C16="",D16=""),"",IF(OR(A16="",B16="",C16="",D16=""),"Fout: niet alle verplichte velden gevuld",IF(ISNA(MATCH(B16,Scholingen!$A$2:$A$200,0)),"Fout: C_ID bestaat niet in Scholingen",IF(OR(NOT(ISNUMBER(C16)),NOT(ISNUMBER(D16))),"Fout: begin-/eindtijd is geen datum+tijd",IF(D16<=C16,"Fout: eindtijd ligt niet na begintijd",IF(INT(D16)<>INT(C16),"Fout: eindigt op een andere dag (één regel per dag)",IF(COUNTIFS($A$2:$A$200,A16,$B$2:$B$200,B16,$C$2:$C$200,C16)>1,"Fout: dubbele inschrijving",IF(C16<TODAY(),"Let op: ligt in het verleden, wordt geen dienst","OK"))))))))
F17: =IF(B17="","",IFERROR(INDEX(Scholingen!$B$2:$B$200,MATCH(B17,Scholingen!$A$2:$A$200,0)),"?")) | G17: =IF(AND(ISNUMBER(C17),ISNUMBER(D17)),(D17-C17)*24,"") | H17: =IF(AND(A17="",B17="",C17="",D17=""),"",IF(OR(A17="",B17="",C17="",D17=""),"Fout: niet alle verplichte velden gevuld",IF(ISNA(MATCH(B17,Scholingen!$A$2:$A$200,0)),"Fout: C_ID bestaat niet in Scholingen",IF(OR(NOT(ISNUMBER(C17)),NOT(ISNUMBER(D17))),"Fout: begin-/eindtijd is geen datum+tijd",IF(D17<=C17,"Fout: eindtijd ligt niet na begintijd",IF(INT(D17)<>INT(C17),"Fout: eindigt op een andere dag (één regel per dag)",IF(COUNTIFS($A$2:$A$200,A17,$B$2:$B$200,B17,$C$2:$C$200,C17)>1,"Fout: dubbele inschrijving",IF(C17<TODAY(),"Let op: ligt in het verleden, wordt geen dienst","OK"))))))))
F18: =IF(B18="","",IFERROR(INDEX(Scholingen!$B$2:$B$200,MATCH(B18,Scholingen!$A$2:$A$200,0)),"?")) | G18: =IF(AND(ISNUMBER(C18),ISNUMBER(D18)),(D18-C18)*24,"") | H18: =IF(AND(A18="",B18="",C18="",D18=""),"",IF(OR(A18="",B18="",C18="",D18=""),"Fout: niet alle verplichte velden gevuld",IF(ISNA(MATCH(B18,Scholingen!$A$2:$A$200,0)),"Fout: C_ID bestaat niet in Scholingen",IF(OR(NOT(ISNUMBER(C18)),NOT(ISNUMBER(D18))),"Fout: begin-/eindtijd is geen datum+tijd",IF(D18<=C18,"Fout: eindtijd ligt niet na begintijd",IF(INT(D18)<>INT(C18),"Fout: eindigt op een andere dag (één regel per dag)",IF(COUNTIFS($A$2:$A$200,A18,$B$2:$B$200,B18,$C$2:$C$200,C18)>1,"Fout: dubbele inschrijving",IF(C18<TODAY(),"Let op: ligt in het verleden, wordt geen dienst","OK"))))))))
F19: =IF(B19="","",IFERROR(INDEX(Scholingen!$B$2:$B$200,MATCH(B19,Scholingen!$A$2:$A$200,0)),"?")) | G19: =IF(AND(ISNUMBER(C19),ISNUMBER(D19)),(D19-C19)*24,"") | H19: =IF(AND(A19="",B19="",C19="",D19=""),"",IF(OR(A19="",B19="",C19="",D19=""),"Fout: niet alle verplichte velden gevuld",IF(ISNA(MATCH(B19,Scholingen!$A$2:$A$200,0)),"Fout: C_ID bestaat niet in Scholingen",IF(OR(NOT(ISNUMBER(C19)),NOT(ISNUMBER(D19))),"Fout: begin-/eindtijd is geen datum+tijd",IF(D19<=C19,"Fout: eindtijd ligt niet na begintijd",IF(INT(D19)<>INT(C19),"Fout: eindigt op een andere dag (één regel per dag)",IF(COUNTIFS($A$2:$A$200,A19,$B$2:$B$200,B19,$C$2:$C$200,C19)>1,"Fout: dubbele inschrijving",IF(C19<TODAY(),"Let op: ligt in het verleden, wordt geen dienst","OK"))))))))
F20: =IF(B20="","",IFERROR(INDEX(Scholingen!$B$2:$B$200,MATCH(B20,Scholingen!$A$2:$A$200,0)),"?")) | G20: =IF(AND(ISNUMBER(C20),ISNUMBER(D20)),(D20-C20)*24,"") | H20: =IF(AND(A20="",B20="",C20="",D20=""),"",IF(OR(A20="",B20="",C20="",D20=""),"Fout: niet alle verplichte velden gevuld",IF(ISNA(MATCH(B20,Scholingen!$A$2:$A$200,0)),"Fout: C_ID bestaat niet in Scholingen",IF(OR(NOT(ISNUMBER(C20)),NOT(ISNUMBER(D20))),"Fout: begin-/eindtijd is geen datum+tijd",IF(D20<=C20,"Fout: eindtijd ligt niet na begintijd",IF(INT(D20)<>INT(C20),"Fout: eindigt op een andere dag (één regel per dag)",IF(COUNTIFS($A$2:$A$200,A20,$B$2:$B$200,B20,$C$2:$C$200,C20)>1,"Fout: dubbele inschrijving",IF(C20<TODAY(),"Let op: ligt in het verleden, wordt geen dienst","OK"))))))))
F21: =IF(B21="","",IFERROR(INDEX(Scholingen!$B$2:$B$200,MATCH(B21,Scholingen!$A$2:$A$200,0)),"?")) | G21: =IF(AND(ISNUMBER(C21),ISNUMBER(D21)),(D21-C21)*24,"") | H21: =IF(AND(A21="",B21="",C21="",D21=""),"",IF(OR(A21="",B21="",C21="",D21=""),"Fout: niet alle verplichte velden gevuld",IF(ISNA(MATCH(B21,Scholingen!$A$2:$A$200,0)),"Fout: C_ID bestaat niet in Scholingen",IF(OR(NOT(ISNUMBER(C21)),NOT(ISNUMBER(D21))),"Fout: begin-/eindtijd is geen datum+tijd",IF(D21<=C21,"Fout: eindtijd ligt niet na begintijd",IF(INT(D21)<>INT(C21),"Fout: eindigt op een andere dag (één regel per dag)",IF(COUNTIFS($A$2:$A$200,A21,$B$2:$B$200,B21,$C$2:$C$200,C21)>1,"Fout: dubbele inschrijving",IF(C21<TODAY(),"Let op: ligt in het verleden, wordt geen dienst","OK"))))))))
F22: =IF(B22="","",IFERROR(INDEX(Scholingen!$B$2:$B$200,MATCH(B22,Scholingen!$A$2:$A$200,0)),"?")) | G22: =IF(AND(ISNUMBER(C22),ISNUMBER(D22)),(D22-C22)*24,"") | H22: =IF(AND(A22="",B22="",C22="",D22=""),"",IF(OR(A22="",B22="",C22="",D22=""),"Fout: niet alle verplichte velden gevuld",IF(ISNA(MATCH(B22,Scholingen!$A$2:$A$200,0)),"Fout: C_ID bestaat niet in Scholingen",IF(OR(NOT(ISNUMBER(C22)),NOT(ISNUMBER(D22))),"Fout: begin-/eindtijd is geen datum+tijd",IF(D22<=C22,"Fout: eindtijd ligt niet na begintijd",IF(INT(D22)<>INT(C22),"Fout: eindigt op een andere dag (één regel per dag)",IF(COUNTIFS($A$2:$A$200,A22,$B$2:$B$200,B22,$C$2:$C$200,C22)>1,"Fout: dubbele inschrijving",IF(C22<TODAY(),"Let op: ligt in het verleden, wordt geen dienst","OK"))))))))
F23: =IF(B23="","",IFERROR(INDEX(Scholingen!$B$2:$B$200,MATCH(B23,Scholingen!$A$2:$A$200,0)),"?")) | G23: =IF(AND(ISNUMBER(C23),ISNUMBER(D23)),(D23-C23)*24,"") | H23: =IF(AND(A23="",B23="",C23="",D23=""),"",IF(OR(A23="",B23="",C23="",D23=""),"Fout: niet alle verplichte velden gevuld",IF(ISNA(MATCH(B23,Scholingen!$A$2:$A$200,0)),"Fout: C_ID bestaat niet in Scholingen",IF(OR(NOT(ISNUMBER(C23)),NOT(ISNUMBER(D23))),"Fout: begin-/eindtijd is geen datum+tijd",IF(D23<=C23,"Fout: eindtijd ligt niet na begintijd",IF(INT(D23)<>INT(C23),"Fout: eindigt op een andere dag (één regel per dag)",IF(COUNTIFS($A$2:$A$200,A23,$B$2:$B$200,B23,$C$2:$C$200,C23)>1,"Fout: dubbele inschrijving",IF(C23<TODAY(),"Let op: ligt in het verleden, wordt geen dienst","OK"))))))))
F24: =IF(B24="","",IFERROR(INDEX(Scholingen!$B$2:$B$200,MATCH(B24,Scholingen!$A$2:$A$200,0)),"?")) | G24: =IF(AND(ISNUMBER(C24),ISNUMBER(D24)),(D24-C24)*24,"") | H24: =IF(AND(A24="",B24="",C24="",D24=""),"",IF(OR(A24="",B24="",C24="",D24=""),"Fout: niet alle verplichte velden gevuld",IF(ISNA(MATCH(B24,Scholingen!$A$2:$A$200,0)),"Fout: C_ID bestaat niet in Scholingen",IF(OR(NOT(ISNUMBER(C24)),NOT(ISNUMBER(D24))),"Fout: begin-/eindtijd is geen datum+tijd",IF(D24<=C24,"Fout: eindtijd ligt niet na begintijd",IF(INT(D24)<>INT(C24),"Fout: eindigt op een andere dag (één regel per dag)",IF(COUNTIFS($A$2:$A$200,A24,$B$2:$B$200,B24,$C$2:$C$200,C24)>1,"Fout: dubbele inschrijving",IF(C24<TODAY(),"Let op: ligt in het verleden, wordt geen dienst","OK"))))))))
... F200: =IF(B200="","",IFERROR(INDEX(Scholingen!$B$2:$B$200,MATCH(B200,Scholingen!$A$2:$A$200,0)),"?")) | G200: =IF(AND(ISNUMBER(C200),ISNUMBER(D200)),(D200-C200)*24,"") | H200: =IF(AND(A200="",B200="",C200="",D200=""),"",IF(OR(A200="",B200="",C200="",D200=""),"Fout: niet alle verplichte velden gevuld",IF(ISNA(MATCH(B200,Scholingen!$A$2:$A$200,0)),"Fout: C_ID bestaat niet in Scholingen",IF(OR(NOT(ISNUMBER(C200)),NOT(ISNUMBER(D200))),"Fout: begin-/eindtijd is geen datum+tijd",IF(D200<=C200,"Fout: eindtijd ligt niet na begintijd",IF(INT(D200)<>INT(C200),"Fout: eindigt op een andere dag (één regel per dag)",IF(COUNTIFS($A$2:$A$200,A200,$B$2:$B$200,B200,$C$2:$C$200,C200)>1,"Fout: dubbele inschrijving",IF(C200<TODAY(),"Let op: ligt in het verleden, wordt geen dienst","OK"))))))))
